SEXO,ESTADO,ADH,PD,CSAT,AHT,email_identifier,PERFORMANCE_GROUP,Extroversion,Agreeableness,Conscientiousness,EmotionalStability,OpennessToExperience
M,ACTIVO,0.000275,0.0,0.0,1.0,0,0.0,,,,,
F,ACTIVO,0.998062,4.857283,4.453947,0.0,1,0.0,,,,,
F,INACTIVO,1.0,1.81792,0.545455,866.233333,2,1.0,,,,,
F,ACTIVO,0.876344,1.95059,0.52,569.488506,3,1.0,,,,,
F,INACTIVO,0.4,1.481481,0.666667,541.518519,4,1.0,,,,,
F,INACTIVO,0.997531,3.746599,0.513274,722.866477,5,0.0,,,,,
M,INACTIVO,1.0,5.795095,0.484177,465.214286,6,0.0,,,,,
F,INACTIVO,0.672222,0.0,0.0,805.5,7,1.0,,,,,
M,INACTIVO,0.750926,3.808274,0.495575,445.497207,8,0.0,,,,,
F,INACTIVO,0.987135,3.39957,0.527094,712.731044,9,1.0,,,,,
F,INACTIVO,0.880714,3.200762,0.552995,631.33662,10,1.0,,,,,
M,INACTIVO,0.758824,0.0,0.434783,745.333333,11,0.0,,,,,
F,INACTIVO,0.012121,0.0,0.0,462.0,12,1.0,,,,,
M,INACTIVO,0.988801,2.963065,4.045455,324.368421,13,1.0,,,,,
F,INACTIVO,0.923941,5.055218,3.985075,202.707483,14,0.0,,,,,
M,INACTIVO,0.0,1.574803,0.5,726.0,15,1.0,,,,,
M,INACTIVO,0.47381,2.435848,0.375,678.333333,16,0.0,,,,,
F,INACTIVO,0.983333,3.394802,0.486486,797.753709,17,0.0,,,,,
F,INACTIVO,0.176667,0.689655,0.0,784.166667,18,1.0,,,,,
F,INACTIVO,0.912083,4.979481,0.467033,529.005367,19,0.0,,,,,
M,ACTIVO,0.977059,6.263812,0.664047,567.339535,20,0.0,33.0,47.0,41.0,34.0,36.0
M,INACTIVO,0.497917,2.222222,0.222222,590.064516,21,1.0,,,,,
M,ACTIVO,0.998485,4.494959,0.562249,594.481675,22,1.0,,,,,
F,INACTIVO,0.821014,3.622523,0.394737,686.142857,23,0.0,,,,,
F,ACTIVO,0.947949,6.014717,0.650704,435.388721,24,0.0,,,,,
F,ACTIVO,0.813981,53.636835,3.964286,223.681481,25,0.0,,,,,
F,INACTIVO,1.0,6.454086,0.560606,432.634349,26,0.0,,,,,
F,INACTIVO,0.876596,4.922859,0.625,608.257048,27,0.0,,,,,
F,INACTIVO,0.930556,0.0,0.517647,486.0,28,1.0,,,,,
M,ACTIVO,0.961875,5.200514,0.559165,411.804383,29,1.0,,,,,
M,INACTIVO,0.583333,1.454415,0.571429,770.797101,30,1.0,,,,,
M,INACTIVO,0.0,0.0,1.0,982.0,31,1.0,,,,,
M,ACTIVO,0.844974,5.444648,0.584158,615.6675,32,1.0,,,,,
M,ACTIVO,0.97766,3.968093,0.52551,492.806897,33,1.0,,,,,
M,INACTIVO,0.99697,7.067093,0.518519,374.0,34,0.0,,,,,
F,INACTIVO,0.876768,4.334236,0.380952,557.762032,35,1.0,,,,,
M,INACTIVO,0.0,1.910828,1.0,873.333333,36,1.0,,,,,
F,INACTIVO,0.357143,2.590629,0.25,477.394737,37,1.0,,,,,
M,INACTIVO,0.95125,4.955078,0.56701,548.415094,38,0.0,,,,,
F,ACTIVO,0.976296,4.745293,0.606195,741.577815,39,0.0,41.0,46.0,48.0,40.0,43.0
M,INACTIVO,0.5,0.0,0.0,953.0,40,1.0,,,,,
F,ACTIVO,0.997887,3.692197,0.65283,790.040052,41,1.0,,,,,
M,INACTIVO,0.860484,3.581182,3.78,212.714859,42,1.0,,,,,
F,INACTIVO,0.367092,3.190099,4.0,236.395833,43,1.0,,,,,
M,INACTIVO,0.998987,3.004038,4.134615,260.273381,44,0.0,,,,,
F,INACTIVO,0.852843,4.022229,3.603448,233.914286,45,0.0,,,,,
F,INACTIVO,0.0,0.0,0.0,0.0,46,0.0,,,,,
M,INACTIVO,1.0,4.007177,0.621053,504.564437,47,1.0,,,,,
M,INACTIVO,0.863889,3.43823,0.497076,513.84878,48,0.0,,,,,
M,INACTIVO,0.451754,0.0,0.0,615.795455,49,0.0,,,,,
M,INACTIVO,0.996429,5.647786,0.5,393.941799,50,0.0,,,,,
M,INACTIVO,0.606091,2.139312,2.5,0.0,51,0.0,,,,,
F,INACTIVO,0.762714,6.50432,4.631579,0.0,52,0.0,,,,,
F,INACTIVO,0.689877,3.959751,4.333333,319.2,53,1.0,,,,,
F,ACTIVO,0.481615,5.732348,4.605263,182.674419,54,0.0,8.0,0.0,6.0,5.0,5.0
M,INACTIVO,0.781736,1.666667,3.4,248.545455,55,0.0,,,,,
M,INACTIVO,0.71,6.095392,0.578947,540.5625,56,0.0,,,,,
F,INACTIVO,0.950451,3.633251,4.1375,244.330798,57,1.0,,,,,
F,INACTIVO,0.873899,3.666833,0.531073,561.217021,58,0.0,,,,,
M,ACTIVO,0.709211,6.499826,0.650538,481.863839,59,0.0,,,,,
M,ACTIVO,0.941263,4.936483,4.171875,298.666667,60,0.0,,,,,
F,INACTIVO,0.765942,0.0,0.0,574.007692,61,0.0,,,,,
M,INACTIVO,0.353205,4.122339,0.604651,533.0625,62,0.0,,,,,
F,INACTIVO,0.333333,8.716758,0.565217,616.180556,63,0.0,,,,,
M,INACTIVO,0.998889,5.01199,0.486842,488.194861,64,0.0,,,,,
F,INACTIVO,0.762202,4.857252,0.495413,629.873684,65,1.0,,,,,
F,ACTIVO,0.997287,3.367978,0.435897,644.040385,66,1.0,,,,,
F,ACTIVO,0.953333,5.117571,0.66087,447.521087,67,0.0,26.0,41.0,38.0,34.0,37.0
F,INACTIVO,0.583333,3.943347,0.555556,698.859375,68,0.0,,,,,
M,ACTIVO,0.999784,4.189294,0.612698,597.172449,69,0.0,,,,,
F,INACTIVO,0.905303,5.421179,0.475,496.217765,70,0.0,,,,,
M,INACTIVO,0.898227,3.428793,0.490196,553.795359,71,0.0,,,,,
M,INACTIVO,0.25,0.0,0.333333,749.0,72,1.0,,,,,
M,INACTIVO,0.515385,1.967949,0.333333,857.861111,73,1.0,,,,,
F,ACTIVO,0.955405,7.449982,0.62268,425.006727,74,0.0,,,,,
F,INACTIVO,0.93,0.0,4.625,0.0,75,1.0,,,,,
F,ACTIVO,0.98516,5.657926,0.573529,440.187729,76,0.0,,,,,
M,INACTIVO,0.959462,0.0,4.385827,0.0,77,1.0,,,,,
M,INACTIVO,0.954722,2.749064,4.153846,235.296296,78,1.0,,,,,
F,ACTIVO,0.990675,4.187994,0.560831,615.829524,79,0.0,,,,,
M,INACTIVO,1.0,8.536343,0.490909,345.198606,80,0.0,,,,,
M,INACTIVO,0.988406,4.216752,0.462687,567.5,81,0.0,,,,,
M,INACTIVO,0.0,0.0,0.0,222.1,82,0.0,,,,,
F,ACTIVO,0.810964,4.948726,4.403226,274.449612,83,0.0,,,,,
F,INACTIVO,0.912381,5.12052,0.66474,550.778846,84,1.0,,,,,
F,INACTIVO,0.0,1.793722,0.75,605.666667,85,1.0,,,,,
M,INACTIVO,0.15,0.0,0.0,1263.0,86,1.0,,,,,
F,INACTIVO,0.489147,2.465464,0.438596,1033.731429,87,0.0,,,,,
F,ACTIVO,0.933333,6.188326,0.605809,504.382307,88,0.0,,,,,
F,ACTIVO,0.90963,5.470046,3.985075,0.0,89,0.0,29.0,44.0,48.0,41.0,44.0
F,INACTIVO,0.923077,4.231875,0.570513,706.550607,90,0.0,,,,,
F,INACTIVO,0.895,1.411656,0.472222,724.90625,91,1.0,,,,,
M,INACTIVO,0.992754,4.685338,0.46875,563.052632,92,1.0,,,,,
M,INACTIVO,0.737374,3.70635,0.588235,422.261719,93,0.0,,,,,
M,INACTIVO,0.776667,6.679745,0.535714,438.085714,94,0.0,,,,,
M,INACTIVO,0.475694,1.979109,0.0,0.0,95,0.0,,,,,
F,INACTIVO,0.875139,5.128205,5.0,324.5,96,0.0,,,,,
F,INACTIVO,0.197292,2.531646,3.0,267.333333,97,1.0,,,,,
M,INACTIVO,0.829837,0.0,4.362445,270.228041,98,1.0,,,,,
F,ACTIVO,0.998429,26.526857,4.121339,208.247379,99,0.0,,,,,
F,INACTIVO,0.33125,9.162562,0.333333,522.789474,100,0.0,,,,,
F,INACTIVO,0.859028,3.329067,0.493671,667.383212,101,0.0,,,,,
F,INACTIVO,0.0,0.0,0.0,544.25,102,1.0,,,,,
M,INACTIVO,0.25,0.0,0.0,518.0,103,0.0,,,,,
F,ACTIVO,0.974806,5.524591,0.543568,497.041835,104,0.0,,,,,
M,INACTIVO,0.995775,4.814215,3.876543,206.335329,105,0.0,,,,,
F,INACTIVO,0.161806,3.092784,5.0,354.833333,106,1.0,,,,,
F,ACTIVO,0.904267,4.046121,4.584,222.951768,107,0.0,,,,,
M,ACTIVO,0.933949,5.060706,4.177215,155.547655,108,0.0,,,,,
F,ACTIVO,0.992453,6.852972,0.63807,409.348107,109,0.0,,,,,
F,INACTIVO,0.959877,2.167315,0.492308,804.327103,110,1.0,,,,,
F,ACTIVO,0.99883,3.544987,0.555024,507.651652,111,1.0,,,,,
M,ACTIVO,0.920492,5.568866,0.636656,468.919087,112,0.0,,,,,
M,INACTIVO,0.327698,3.764774,4.035714,212.977528,113,1.0,,,,,
F,INACTIVO,0.397778,8.784139,4.590909,0.0,114,1.0,,,,,
F,INACTIVO,0.552905,4.345161,4.166667,287.151515,115,0.0,,,,,
M,INACTIVO,0.745417,2.98715,4.25,284.734694,116,1.0,,,,,
M,INACTIVO,0.0,0.0,3.5,460.333333,117,1.0,,,,,
F,INACTIVO,0.760402,3.041124,4.21875,180.327381,118,1.0,,,,,
F,INACTIVO,0.76088,3.717493,4.45,297.342105,119,1.0,,,,,
F,INACTIVO,0.975806,4.456883,0.516129,666.968958,120,0.0,,,,,
F,INACTIVO,0.328727,0.0,3.0,0.0,121,1.0,,,,,
F,INACTIVO,0.906061,7.41162,0.460526,513.470588,122,0.0,,,,,
M,INACTIVO,0.866667,0.0,0.0,484.721854,123,0.0,,,,,
M,ACTIVO,0.863248,5.356508,0.632432,496.572464,124,0.0,33.0,46.0,39.0,34.0,46.0
F,ACTIVO,0.963333,4.170643,0.52795,602.91002,125,0.0,30.0,40.0,38.0,29.0,33.0
M,ACTIVO,0.998291,5.757102,0.638655,487.925419,126,0.0,,,,,
F,ACTIVO,0.997452,5.220707,4.287356,0.0,127,0.0,,,,,
M,INACTIVO,0.440741,3.341806,0.428571,645.28972,128,0.0,,,,,
F,INACTIVO,0.0,3.293112,0.553957,566.072727,129,1.0,,,,,
F,INACTIVO,0.791135,3.941205,0.587097,506.949515,130,0.0,,,,,
F,INACTIVO,0.483871,2.297291,0.622222,431.814516,131,1.0,,,,,
M,INACTIVO,0.636111,2.715627,0.666667,569.724138,132,1.0,,,,,
F,INACTIVO,0.0,0.0,0.5,566.6,133,1.0,,,,,
F,INACTIVO,0.956,4.188005,0.541284,734.229268,134,1.0,,,,,
M,INACTIVO,0.799889,2.75,3.636364,225.138889,135,1.0,,,,,
F,ACTIVO,1.020628,4.750346,4.225071,158.332071,136,0.0,,,,,
M,INACTIVO,0.2875,1.516755,0.2,530.823529,137,1.0,,,,,
M,INACTIVO,0.4875,2.310137,0.6,701.857143,138,0.0,,,,,
F,INACTIVO,0.81891,2.11457,0.494624,552.706667,139,1.0,,,,,
M,INACTIVO,1.0,1.904762,0.666667,575.823529,140,1.0,,,,,
F,INACTIVO,0.750694,3.065855,0.517241,574.558011,141,1.0,,,,,
F,INACTIVO,0.0,0.0,1.0,496.8,142,1.0,,,,,
F,INACTIVO,0.758974,2.001542,0.431818,587.642857,143,1.0,,,,,
M,INACTIVO,0.899167,7.610855,0.525,446.25,144,0.0,,,,,
M,INACTIVO,0.995238,3.884422,0.37037,414.057851,145,0.0,,,,,
F,ACTIVO,0.96468,2.278978,4.418182,0.0,146,0.0,34.0,47.0,49.0,40.0,42.0
F,INACTIVO,0.788401,2.787313,3.615385,0.0,147,0.0,,,,,
F,ACTIVO,0.98719,3.542068,2.9,0.0,148,0.0,36.0,42.0,45.0,43.0,41.0
F,INACTIVO,0.427778,4.330454,0.65,545.014706,149,0.0,,,,,
F,INACTIVO,1.0,3.20552,0.45122,478.516949,150,1.0,,,,,
F,INACTIVO,0.722581,9.978211,0.537778,572.96817,151,0.0,,,,,
F,INACTIVO,0.992593,5.756978,0.5,445.470238,152,0.0,,,,,
M,INACTIVO,0.980583,4.869851,4.064103,0.0,153,0.0,,,,,
F,INACTIVO,0.788333,1.382906,0.846154,544.436364,154,1.0,,,,,
M,ACTIVO,0.994928,3.764312,0.614618,617.909611,155,1.0,28.0,42.0,48.0,43.0,41.0
F,INACTIVO,0.491667,1.395349,0.333333,938.333333,156,0.0,,,,,
M,INACTIVO,0.0,0.0,0.666667,453.8,157,1.0,,,,,
M,INACTIVO,0.5,2.412235,0.666667,552.535714,158,1.0,,,,,
F,INACTIVO,0.179167,1.388889,0.0,673.5,159,0.0,,,,,
F,INACTIVO,0.375,0.0,0.5,1211.8,160,0.0,,,,,
F,INACTIVO,0.725758,3.150196,0.346154,720.443299,161,0.0,,,,,
F,INACTIVO,0.0,4.633378,3.888889,0.0,162,1.0,,,,,
M,ACTIVO,0.976733,4.593796,4.113744,180.029661,163,0.0,35.0,42.0,42.0,37.0,40.0
F,INACTIVO,0.841429,3.724203,0.47541,887.060209,164,0.0,,,,,
F,INACTIVO,0.946528,6.267972,0.461039,535.72,165,0.0,,,,,
F,ACTIVO,0.98312,4.751506,0.621083,661.406989,166,1.0,,,,,
M,INACTIVO,0.937745,3.708379,0.462151,591.952088,167,1.0,,,,,
M,ACTIVO,0.911446,5.229732,0.55335,490.937402,168,0.0,,,,,
M,INACTIVO,0.872303,4.838221,4.15,178.091346,169,0.0,,,,,
F,INACTIVO,1.0,0.0,0.388889,665.6,170,1.0,,,,,
M,INACTIVO,0.744792,3.830489,0.571429,666.8375,171,0.0,,,,,
M,ACTIVO,0.988113,10.883204,4.082136,0.0,172,1.0,,,,,
M,ACTIVO,0.634823,10.148645,3.95,0.0,173,0.0,,,,,
F,ACTIVO,0.9877,12.334286,4.268031,0.0,174,0.0,36.0,39.0,49.0,44.0,42.0
F,ACTIVO,0.977988,1.248098,4.698113,0.0,175,0.0,,,,,
F,INACTIVO,0.49797,4.437987,3.884615,0.0,176,0.0,,,,,
F,ACTIVO,0.966116,12.218618,4.211826,0.0,177,0.0,,,,,
F,ACTIVO,0.624048,3.022896,4.347826,210.761194,178,0.0,,,,,
M,ACTIVO,0.997654,1.322076,4.393939,0.0,179,0.0,27.0,40.0,38.0,40.0,35.0
F,ACTIVO,0.963385,10.725407,4.098608,0.0,180,1.0,36.0,47.0,47.0,42.0,41.0
F,ACTIVO,0.998934,10.555402,4.242424,0.0,181,0.0,34.0,38.0,31.0,36.0,35.0
F,ACTIVO,0.818187,4.252338,3.954545,0.0,182,0.0,,,,,
M,INACTIVO,0.997593,2.583656,4.333333,0.0,183,0.0,,,,,
F,INACTIVO,0.642509,3.889025,4.335616,140.865337,184,0.0,,,,,
F,ACTIVO,0.999951,11.942205,4.442786,0.0,185,0.0,32.0,31.0,37.0,29.0,42.0
M,INACTIVO,0.0,0.0,0.0,0.0,186,1.0,,,,,
F,ACTIVO,0.982036,10.835442,4.293362,0.0,187,0.0,,,,,
M,INACTIVO,0.989704,13.967789,4.113164,0.0,188,1.0,,,,,
M,ACTIVO,0.999356,10.843553,4.229381,0.0,189,0.0,,,,,
F,INACTIVO,0.990861,12.258248,4.155906,0.0,190,0.0,,,,,
F,ACTIVO,0.237989,16.097346,4.545455,0.0,191,0.0,,,,,
F,ACTIVO,0.997579,10.911701,4.093407,0.0,192,1.0,22.0,35.0,34.0,25.0,31.0
F,ACTIVO,0.980013,11.115831,4.378275,0.0,193,0.0,32.0,37.0,35.0,32.0,32.0
F,ACTIVO,0.498835,9.268037,3.945946,0.0,194,0.0,36.0,45.0,48.0,35.0,41.0
F,INACTIVO,0.862874,0.0,4.4375,336.618785,195,1.0,,,,,
M,ACTIVO,0.838299,4.016703,4.226667,291.97861,196,0.0,,,,,
F,INACTIVO,0.874757,3.425084,4.916667,172.787879,197,0.0,,,,,
F,ACTIVO,0.971996,12.503434,4.224283,0.0,198,0.0,,,,,
M,INACTIVO,0.589874,3.241505,3.894737,323.77551,199,0.0,,,,,
M,ACTIVO,0.993414,7.890883,4.278689,0.0,200,0.0,30.0,39.0,44.0,33.0,37.0
M,ACTIVO,0.186764,9.373544,4.115385,0.0,201,0.0,27.0,39.0,42.0,41.0,42.0
F,ACTIVO,0.999048,12.439829,4.233766,0.0,202,0.0,,,,,
M,INACTIVO,0.761667,12.176257,4.433333,0.0,203,0.0,,,,,
M,INACTIVO,0.996288,7.71312,4.0625,0.0,204,1.0,,,,,
F,INACTIVO,0.377222,12.779302,4.285714,0.0,205,0.0,,,,,
F,INACTIVO,0.29412,2.914174,5.0,312.0,206,0.0,,,,,
F,ACTIVO,0.997813,6.324598,4.072848,0.0,207,0.0,,,,,
F,ACTIVO,0.952283,11.906541,4.369645,0.0,208,0.0,,,,,
F,ACTIVO,0.531338,4.858524,4.125,0.0,209,0.0,,,,,
F,ACTIVO,0.98001,10.549497,4.176471,0.0,210,0.0,29.0,37.0,38.0,36.0,36.0
M,INACTIVO,0.614015,21.360692,4.168317,0.0,211,1.0,,,,,
F,INACTIVO,0.999987,13.530614,4.198327,0.0,212,1.0,,,,,
F,ACTIVO,0.999767,13.813294,4.304348,0.0,213,0.0,24.0,44.0,37.0,32.0,38.0
F,INACTIVO,0.648646,3.782727,4.394737,342.012048,214,0.0,,,,,
M,INACTIVO,0.694199,5.009351,3.760563,204.828794,215,1.0,,,,,
M,INACTIVO,0.745833,4.052742,3.847458,261.475806,216,1.0,,,,,
F,INACTIVO,0.926925,1.527111,4.1,0.0,217,1.0,,,,,
M,INACTIVO,0.753929,15.998332,4.147368,0.0,218,0.0,,,,,
F,ACTIVO,0.932424,15.17305,4.339759,0.0,219,0.0,36.0,41.0,37.0,35.0,38.0
F,ACTIVO,0.977411,5.099988,4.385776,176.375114,220,0.0,33.0,36.0,37.0,35.0,34.0
M,INACTIVO,0.977429,1.348259,2.52381,0.0,221,0.0,,,,,
F,INACTIVO,0.718139,4.215317,3.555556,292.062015,222,1.0,,,,,
M,INACTIVO,0.455941,1.55864,4.0,300.431193,223,0.0,,,,,
F,INACTIVO,0.929881,0.0,4.4,367.814815,224,1.0,,,,,
M,ACTIVO,0.931444,5.031805,4.24,154.550308,225,0.0,,,,,
M,ACTIVO,0.996477,13.052241,4.355109,0.0,226,0.0,,,,,
M,ACTIVO,0.966206,8.546423,4.008621,319.54386,227,0.0,,,,,
M,INACTIVO,0.886479,3.857302,3.541096,306.535885,228,1.0,,,,,
F,ACTIVO,0.994907,3.234717,4.0,340.367347,229,0.0,,,,,
F,ACTIVO,0.327496,12.599357,4.149733,0.0,230,0.0,,,,,
F,INACTIVO,0.989236,10.58657,4.058824,0.0,231,1.0,,,,,
F,ACTIVO,0.887657,10.823449,4.19,0.0,232,0.0,,,,,
M,ACTIVO,0.989448,10.627177,4.36342,0.0,233,0.0,,,,,
M,INACTIVO,0.0,0.0,0.0,0.0,234,1.0,,,,,
M,ACTIVO,0.997552,9.183027,4.193084,0.0,235,1.0,,,,,
F,INACTIVO,0.868901,11.394254,4.235589,0.0,236,0.0,,,,,
M,ACTIVO,0.829917,11.911242,4.26087,0.0,237,1.0,,,,,
F,INACTIVO,0.179167,7.490245,4.0,0.0,238,1.0,,,,,
F,INACTIVO,0.0,7.605126,0.0,0.0,239,1.0,,,,,
M,INACTIVO,0.898417,27.093769,4.15514,0.0,240,1.0,,,,,
F,ACTIVO,1.021333,23.612069,4.129032,293.085106,241,0.0,41.0,49.0,43.0,43.0,46.0
M,INACTIVO,0.905852,3.33995,4.097561,200.679856,242,0.0,,,,,
M,ACTIVO,0.976089,16.492513,4.26195,0.0,243,0.0,,,,,
F,ACTIVO,0.73693,9.531548,3.881119,0.0,244,0.0,,,,,
M,ACTIVO,0.976647,12.652367,4.249661,0.0,245,0.0,,,,,
F,INACTIVO,0.0,4.590494,0.0,0.0,246,1.0,,,,,
F,ACTIVO,0.969327,11.388093,4.354906,0.0,247,0.0,,,,,
F,INACTIVO,0.626369,4.027306,3.7,186.86129,248,1.0,,,,,
F,INACTIVO,0.832154,8.308373,3.918033,0.0,249,1.0,,,,,
F,ACTIVO,0.906495,8.421614,4.337209,0.0,250,0.0,,,,,
F,ACTIVO,0.993355,4.107284,4.5625,0.0,251,0.0,,,,,
F,ACTIVO,0.979186,0.888077,4.828571,0.0,252,0.0,,,,,
F,ACTIVO,0.918342,4.084194,4.212766,0.0,253,0.0,,,,,
M,ACTIVO,0.996739,15.669425,4.358712,0.0,254,0.0,,,,,
M,INACTIVO,0.702799,9.726497,4.42,0.0,255,0.0,,,,,
F,ACTIVO,0.925613,5.087739,4.3125,0.0,256,0.0,,,,,
M,ACTIVO,0.642056,2.318403,4.04878,456.104651,257,0.0,,,,,
F,INACTIVO,0.786277,14.926794,4.294393,0.0,258,1.0,,,,,
F,ACTIVO,0.786946,2.415591,4.422111,409.688421,259,0.0,41.0,50.0,46.0,33.0,44.0
M,ACTIVO,0.857059,13.657014,4.323838,0.0,260,0.0,,,,,
F,ACTIVO,0.965191,13.222886,4.421711,0.0,261,0.0,32.0,35.0,49.0,46.0,43.0
F,ACTIVO,0.957051,4.492838,3.902778,0.0,262,0.0,,,,,
F,INACTIVO,0.991427,19.658855,4.180897,0.0,263,1.0,,,,,
F,INACTIVO,0.608418,16.198881,4.256858,0.0,264,1.0,,,,,
F,ACTIVO,0.907834,11.79863,4.163842,0.0,265,0.0,,,,,
F,ACTIVO,0.997639,13.291318,4.292887,0.0,266,0.0,,,,,
F,ACTIVO,0.969342,8.860571,4.142857,0.0,267,0.0,,,,,
M,ACTIVO,0.997958,13.471122,4.122727,0.0,268,1.0,,,,,
F,ACTIVO,0.965566,10.158058,4.301573,0.0,269,0.0,38.0,43.0,48.0,36.0,42.0
F,INACTIVO,0.734508,16.698343,4.384673,0.0,270,0.0,,,,,
F,INACTIVO,0.0,7.392612,0.0,0.0,271,1.0,,,,,
F,INACTIVO,0.598778,13.557338,4.234694,0.0,272,1.0,,,,,
F,INACTIVO,0.51684,2.806074,3.785714,895.692308,273,1.0,,,,,
M,INACTIVO,0.66485,3.346491,4.485714,0.0,274,1.0,,,,,
M,INACTIVO,0.34375,5248.665163,4.092437,0.0,275,0.0,,,,,
M,ACTIVO,0.874508,10.64801,4.181538,0.0,276,0.0,34.0,43.0,35.0,39.0,37.0
M,INACTIVO,0.433935,557.394722,4.3,0.0,277,1.0,,,,,
F,ACTIVO,0.910926,9.947589,4.156637,0.0,278,0.0,,,,,
M,ACTIVO,0.96595,14.067087,4.377029,0.0,279,0.0,33.0,44.0,43.0,39.0,38.0
F,INACTIVO,0.545404,12.619401,4.09,0.0,280,0.0,,,,,
F,INACTIVO,0.816252,12.146392,4.10989,0.0,281,0.0,,,,,
F,ACTIVO,0.919446,10.857582,4.364537,0.0,282,0.0,36.0,47.0,42.0,40.0,42.0
F,ACTIVO,0.988649,13.201277,4.367769,0.0,283,0.0,,,,,
M,INACTIVO,0.756656,2.318786,3.583333,703.639175,284,1.0,,,,,
M,ACTIVO,0.528065,1.48955,3.777778,898.277778,285,0.0,,,,,
M,ACTIVO,0.93672,2.36049,4.360996,384.259398,286,0.0,33.0,48.0,44.0,40.0,43.0
M,INACTIVO,0.785181,2.563544,4.215686,637.223301,287,1.0,,,,,
M,ACTIVO,0.999361,11.707945,4.177715,0.0,288,1.0,,,,,
F,ACTIVO,0.958099,12.03424,4.367465,0.0,289,1.0,,,,,
F,INACTIVO,0.653796,8.874864,4.444444,0.0,290,1.0,,,,,
F,ACTIVO,0.244649,14.821492,4.185185,0.0,291,0.0,,,,,
M,INACTIVO,0.982153,1.578947,4.833333,509.526316,292,1.0,,,,,
F,INACTIVO,0.918698,2.364024,3.325397,516.05946,293,1.0,,,,,
M,INACTIVO,0.740211,11.900013,4.273874,0.0,294,0.0,,,,,
F,INACTIVO,0.643056,1.587302,4.142857,860.162162,295,1.0,,,,,
F,ACTIVO,0.892949,2.195209,3.847059,1129.244444,296,1.0,,,,,
M,ACTIVO,0.987158,1.815927,4.296703,733.148649,297,1.0,,,,,
M,INACTIVO,0.692209,0.0,2.306452,0.0,298,1.0,,,,,
F,ACTIVO,0.904683,13.90636,4.17024,0.0,299,0.0,,,,,
M,ACTIVO,0.996736,10.548789,4.21259,0.0,300,0.0,,,,,
F,ACTIVO,0.94053,12.851631,4.510476,0.0,301,0.0,,,,,
M,ACTIVO,0.799024,9.793379,4.013216,0.0,302,1.0,,,,,
F,INACTIVO,1.0,13.663777,3.8,0.0,303,0.0,,,,,
M,INACTIVO,0.115769,6.456761,4.7,0.0,304,0.0,,,,,
F,ACTIVO,0.988042,8.21794,4.456712,0.0,305,0.0,,,,,
M,ACTIVO,0.980427,11.787457,4.289661,0.0,306,0.0,,,,,
F,ACTIVO,0.922747,12.063306,4.235207,0.0,307,0.0,24.0,34.0,34.0,31.0,33.0
M,ACTIVO,0.926019,14.635505,4.408794,0.0,308,0.0,,,,,
F,INACTIVO,0.209554,12.669602,3.925,0.0,309,0.0,,,,,
F,ACTIVO,0.665106,1.908135,4.173913,633.309091,310,0.0,,,,,
F,ACTIVO,0.89311,2.450036,4.195946,597.594684,311,1.0,3.0,17.0,9.0,12.0,11.0
M,INACTIVO,0.676294,5.55616,4.5,0.0,312,0.0,,,,,
F,ACTIVO,0.999969,16.364258,4.379052,0.0,313,0.0,30.0,50.0,50.0,21.0,44.0
F,INACTIVO,0.875121,31.543352,4.465753,0.0,314,0.0,,,,,
F,ACTIVO,0.940569,8.857828,4.183333,0.0,315,0.0,36.0,50.0,43.0,35.0,40.0
F,ACTIVO,0.951763,13.00268,4.287605,0.0,316,0.0,,,,,
F,INACTIVO,0.647696,11.017033,4.274286,0.0,317,1.0,,,,,
F,ACTIVO,0.946765,11.922184,4.166667,0.0,318,0.0,,,,,
M,INACTIVO,0.683278,2.232292,2.857143,670.964286,319,1.0,,,,,
F,ACTIVO,0.999718,6.599517,4.198718,0.0,320,0.0,,,,,
F,ACTIVO,0.966635,1.660306,4.283951,856.255605,321,1.0,,,,,
F,INACTIVO,0.0,0.0,0.0,0.0,322,0.0,,,,,
M,ACTIVO,0.898031,2.333149,4.409091,477.653226,323,0.0,,,,,
M,ACTIVO,0.972003,11.719729,4.404255,0.0,324,0.0,,,,,
M,INACTIVO,0.072009,20.894958,4.114286,0.0,325,1.0,,,,,
F,INACTIVO,0.591104,22.035254,4.213457,0.0,326,1.0,,,,,
F,ACTIVO,0.887377,7.127384,4.123457,655.015152,327,0.0,,,,,
M,INACTIVO,0.607792,15.176057,4.114035,0.0,328,0.0,,,,,
M,INACTIVO,0.777274,7.821246,4.028986,0.0,329,0.0,,,,,
F,INACTIVO,0.939282,3.518287,4.601852,0.0,330,0.0,,,,,
M,INACTIVO,0.699694,9.803514,4.4,0.0,331,1.0,,,,,
M,INACTIVO,0.999198,0.0,4.545455,0.0,332,1.0,,,,,
F,INACTIVO,0.667667,8.674261,3.545455,0.0,333,0.0,,,,,
M,ACTIVO,0.989187,10.504352,2.971897,0.0,334,0.0,,,,,
F,ACTIVO,0.948796,10.78004,3.54908,0.0,335,0.0,,,,,
M,ACTIVO,0.39088,9.34835,3.692308,0.0,336,0.0,,,,,
M,ACTIVO,0.0,60.701712,0.0,0.0,337,1.0,41.0,43.0,46.0,33.0,44.0
F,ACTIVO,0.994282,24.457466,3.726755,0.0,338,0.0,,,,,
M,ACTIVO,0.814001,14.035407,4.344969,0.0,339,0.0,,,,,
F,ACTIVO,0.875938,2.123079,4.121212,768.660099,340,1.0,32.0,43.0,40.0,38.0,42.0
F,ACTIVO,0.718816,1.842931,4.333333,446.269608,341,0.0,,,,,
M,ACTIVO,0.0,0.35267,0.0,0.0,342,1.0,,,,,
M,INACTIVO,0.907458,6.038751,3.586207,0.0,343,1.0,,,,,
F,ACTIVO,0.995767,9.595331,2.94086,0.0,344,0.0,,,,,
M,INACTIVO,0.770109,8.32135,3.659091,0.0,345,0.0,,,,,
M,ACTIVO,0.989596,10.570056,3.450102,0.0,346,0.0,,,,,
F,INACTIVO,0.979206,3.505296,2.84438,0.0,347,1.0,,,,,
M,INACTIVO,0.998934,16.793499,4.187952,0.0,348,1.0,,,,,
F,ACTIVO,0.889993,12.712317,4.400763,0.0,349,0.0,,,,,
M,ACTIVO,0.972024,9.434115,3.534562,0.0,350,0.0,,,,,
F,ACTIVO,0.874543,9.912336,2.807692,0.0,351,0.0,,,,,
F,INACTIVO,0.363636,2.002513,4.625,576.478261,352,1.0,,,,,
M,ACTIVO,0.977393,5.801452,4.207547,0.0,353,0.0,,,,,
F,INACTIVO,0.435856,3.935651,4.033333,461.686567,354,1.0,,,,,
M,ACTIVO,0.792556,2.636685,4.257261,588.52766,355,0.0,,,,,
F,ACTIVO,0.994677,9.061466,3.943038,0.0,356,0.0,,,,,
F,ACTIVO,0.988624,8.125519,3.157143,0.0,357,0.0,,,,,
F,ACTIVO,0.996695,13.192068,3.080357,0.0,358,0.0,,,,,
F,ACTIVO,0.999608,10.321151,3.767442,0.0,359,0.0,,,,,
F,ACTIVO,0.837915,1.870844,4.147287,648.649682,360,0.0,,,,,
F,ACTIVO,0.952467,8.832659,3.559471,0.0,361,0.0,,,,,
M,ACTIVO,0.945925,8.435348,3.570732,0.0,362,0.0,,,,,
M,ACTIVO,0.0,0.774535,0.0,0.0,363,1.0,,,,,
F,ACTIVO,0.886339,11.990943,3.352941,0.0,364,0.0,,,,,
F,ACTIVO,0.967108,8.696817,3.255708,0.0,365,0.0,,,,,
M,INACTIVO,0.678219,3.058679,4.52381,0.0,366,1.0,,,,,
M,ACTIVO,0.994402,13.171019,3.358065,0.0,367,0.0,,,,,
M,INACTIVO,0.831424,3.507576,4.0,488.078947,368,1.0,,,,,
F,INACTIVO,0.673519,2.475248,4.4,402.363636,369,0.0,,,,,
M,ACTIVO,0.999632,9.516226,3.984,0.0,370,0.0,,,,,
F,INACTIVO,0.797993,3.459993,4.403727,399.942771,371,1.0,,,,,
F,INACTIVO,0.49412,9.598348,4.294118,0.0,372,0.0,,,,,
M,ACTIVO,0.553359,1.747718,4.157895,503.5,373,0.0,,,,,
M,ACTIVO,0.999417,10.89527,3.450549,0.0,374,0.0,,,,,
M,ACTIVO,0.997807,12.51307,4.148148,0.0,375,0.0,27.0,33.0,32.0,25.0,33.0
M,INACTIVO,0.428571,7.645395,4.0,0.0,376,1.0,,,,,
F,ACTIVO,0.968311,62.71006,3.245902,0.0,377,0.0,,,,,
M,ACTIVO,0.990407,11.424773,3.260465,0.0,378,0.0,,,,,
F,INACTIVO,0.857083,2.626777,4.419355,377.945736,379,1.0,,,,,
F,INACTIVO,1.0,1.522843,3.0,622.0,380,1.0,,,,,
M,ACTIVO,0.905568,2.438595,4.202765,393.691824,381,0.0,,,,,
F,INACTIVO,0.355278,2.390464,2.0,710.25,382,1.0,,,,,
F,INACTIVO,0.750509,3.510965,4.375,590.137931,383,0.0,,,,,
M,INACTIVO,0.947516,13.023486,3.63466,0.0,384,1.0,,,,,
M,ACTIVO,0.988742,11.736876,2.890909,0.0,385,0.0,,,,,
F,INACTIVO,0.734671,0.0,4.111111,0.0,386,1.0,,,,,
M,INACTIVO,0.957963,2.559064,4.285714,654.311688,387,1.0,,,,,
M,INACTIVO,0.830718,7.717294,4.466667,0.0,388,0.0,,,,,
F,INACTIVO,0.75433,10.77557,3.071429,0.0,389,1.0,,,,,
M,INACTIVO,0.766797,14.874535,2.625,0.0,390,0.0,,,,,
M,ACTIVO,0.998939,13.070134,3.04,0.0,391,0.0,,,,,
F,ACTIVO,0.990669,9.605911,3.727273,0.0,392,0.0,29.0,38.0,34.0,35.0,42.0
M,ACTIVO,0.0,5.356531,0.0,0.0,393,1.0,0.0,0.0,4.0,0.0,0.0
F,ACTIVO,0.97608,10.342369,3.414286,0.0,394,0.0,35.0,43.0,40.0,38.0,37.0
F,ACTIVO,0.993275,8.086258,3.232975,0.0,395,0.0,39.0,46.0,49.0,35.0,46.0
M,ACTIVO,0.856217,5.954942,3.902778,0.0,396,0.0,,,,,
F,ACTIVO,0.0625,17.480121,4.714286,0.0,397,0.0,,,,,
M,INACTIVO,0.556852,12.407644,3.533333,0.0,398,1.0,,,,,
M,INACTIVO,0.987929,7.722166,4.8,0.0,399,1.0,,,,,
F,ACTIVO,0.880327,9.221422,3.468966,0.0,400,0.0,,,,,
F,ACTIVO,0.99853,8.783809,3.36,0.0,401,0.0,,,,,
F,ACTIVO,0.932021,11.454074,4.257948,0.0,402,0.0,,,,,
M,ACTIVO,0.97603,1.810555,4.465608,388.437942,403,0.0,33.0,37.0,35.0,36.0,37.0
F,ACTIVO,0.922059,8.361769,3.618267,0.0,404,0.0,,,,,
M,ACTIVO,0.972949,18.74433,3.280947,0.0,405,0.0,,,,,
F,ACTIVO,0.678019,8.158709,2.415094,0.0,406,0.0,,,,,
M,ACTIVO,0.0,0.075976,0.0,0.0,407,1.0,36.0,43.0,45.0,39.0,39.0
M,INACTIVO,0.277006,15.714947,4.6,0.0,408,1.0,,,,,
F,ACTIVO,0.99903,4.565574,3.313953,0.0,409,0.0,,,,,
M,ACTIVO,0.994923,3.789629,3.386364,0.0,410,0.0,31.0,40.0,42.0,29.0,37.0
F,ACTIVO,0.999172,4.030881,3.715909,0.0,411,0.0,34.0,46.0,42.0,37.0,39.0
F,ACTIVO,0.999334,2.722584,2.972973,0.0,412,0.0,,,,,
F,ACTIVO,0.992709,4.666665,3.318182,0.0,413,0.0,,,,,
F,ACTIVO,0.912185,3.492765,3.576923,0.0,414,0.0,34.0,46.0,44.0,35.0,38.0
F,INACTIVO,0.098611,0.0,0.0,304.0,415,1.0,,,,,
F,INACTIVO,0.946894,3.514242,3.16,0.0,416,0.0,,,,,
F,ACTIVO,0.99828,4.668417,3.833333,0.0,417,0.0,41.0,43.0,50.0,40.0,44.0
M,ACTIVO,0.91839,2.09077,4.061069,575.694158,418,1.0,37.0,46.0,42.0,38.0,37.0
F,INACTIVO,0.759648,3.944086,2.953488,0.0,419,0.0,,,,,
M,INACTIVO,0.973392,5.191029,3.425,0.0,420,1.0,,,,,
F,INACTIVO,0.701993,2.422746,4.229885,514.048649,421,0.0,,,,,
F,ACTIVO,0.982863,4.098521,3.512195,0.0,422,0.0,30.0,46.0,44.0,37.0,35.0
F,INACTIVO,0.164278,3.658537,3.0,290.888889,423,0.0,,,,,
M,ACTIVO,0.759876,11.898644,4.435567,0.0,424,0.0,,,,,
M,INACTIVO,0.998775,0.0,5.0,0.0,425,1.0,,,,,
M,ACTIVO,0.715605,2.592462,4.307018,629.884259,426,1.0,,,,,
F,ACTIVO,0.995644,4.826677,3.431579,0.0,427,0.0,29.0,46.0,47.0,31.0,44.0
M,INACTIVO,0.902658,6.410716,4.435171,0.0,428,0.0,,,,,
F,INACTIVO,0.976923,2.331351,3.625,443.84,429,1.0,,,,,
F,INACTIVO,0.400249,13.80433,4.30597,0.0,430,1.0,,,,,
M,ACTIVO,0.955607,3.13043,4.414634,614.769912,431,1.0,,,,,
F,ACTIVO,0.853827,2.519774,4.191011,518.93956,432,1.0,,,,,
M,ACTIVO,0.983451,7.455161,4.305927,0.0,433,0.0,,,,,
F,ACTIVO,0.99761,15.090609,3.220544,0.0,434,0.0,34.0,47.0,42.0,39.0,45.0
M,INACTIVO,0.742994,5.958134,4.133333,0.0,435,0.0,,,,,
F,ACTIVO,0.994097,3.63883,3.446043,0.0,436,0.0,,,,,
M,ACTIVO,0.937669,2.016736,4.321678,347.700306,437,0.0,,,,,
F,INACTIVO,0.867244,3.073711,3.769231,479.855263,438,1.0,,,,,
F,ACTIVO,0.935262,1.329366,4.072727,912.703704,439,1.0,,,,,
M,INACTIVO,0.055556,0.0,0.0,684.0,440,0.0,,,,,
F,ACTIVO,0.848037,13.414711,4.329167,0.0,441,0.0,,,,,
F,ACTIVO,0.802425,10.228767,4.186301,0.0,442,1.0,,,,,
F,INACTIVO,0.99607,1.506666,3.428571,0.0,443,1.0,,,,,
M,INACTIVO,0.763889,1.01126,1.0,0.0,444,0.0,,,,,
M,INACTIVO,0.266593,4.710744,5.0,0.0,445,1.0,,,,,
F,ACTIVO,0.996795,3.990772,3.321101,0.0,446,0.0,35.0,42.0,43.0,38.0,41.0
M,ACTIVO,0.0,52.587295,0.0,0.0,447,1.0,,,,,
M,INACTIVO,0.710177,2.49128,3.7,0.0,448,0.0,,,,,
F,ACTIVO,0.957879,4.496553,4.188679,0.0,449,0.0,32.0,43.0,44.0,36.0,43.0
M,ACTIVO,0.90265,1.617466,2.333333,0.0,450,0.0,,,,,
F,ACTIVO,0.816382,7.317221,4.222222,479.99495,451,1.0,,,,,
M,INACTIVO,0.944946,1.067641,3.738095,1008.178082,452,1.0,,,,,
F,INACTIVO,0.325833,1.538462,2.0,654.0,453,1.0,,,,,
M,INACTIVO,0.753611,0.0,2.333333,0.0,454,1.0,,,,,
F,ACTIVO,0.981259,4.424274,3.821138,0.0,455,0.0,39.0,38.0,44.0,34.0,42.0
M,INACTIVO,0.978576,2.160309,3.857143,0.0,456,0.0,,,,,
M,ACTIVO,0.857778,1.602466,4.191781,848.494186,457,1.0,,,,,
F,ACTIVO,0.90226,2.313323,4.036585,438.584239,458,0.0,31.0,36.0,38.0,29.0,35.0
F,INACTIVO,0.96625,12.607303,4.230769,0.0,459,0.0,,,,,
F,ACTIVO,0.997884,4.717276,3.496296,0.0,460,0.0,34.0,42.0,42.0,38.0,38.0
M,ACTIVO,0.99605,2.705728,3.623188,0.0,461,0.0,28.0,38.0,42.0,37.0,36.0
F,INACTIVO,0.769306,2.597403,3.25,801.875,462,0.0,,,,,
F,ACTIVO,0.907161,2.577899,4.617284,619.214286,463,1.0,29.0,45.0,45.0,38.0,35.0
M,INACTIVO,0.892515,2.486872,4.186047,631.787149,464,1.0,,,,,
F,ACTIVO,0.999155,3.213903,3.28,0.0,465,0.0,37.0,43.0,47.0,37.0,37.0
M,ACTIVO,0.807514,2.974538,4.142857,444.366516,466,1.0,,,,,
M,INACTIVO,0.8282,1.168871,4.0,716.322222,467,1.0,,,,,
M,ACTIVO,0.0,5.139195,0.0,0.0,468,1.0,32.0,46.0,43.0,40.0,43.0
M,ACTIVO,0.953064,3.381897,3.769231,0.0,469,0.0,,,,,
F,ACTIVO,0.797692,2.074615,4.475,764.754601,470,1.0,,,,,
F,INACTIVO,0.495299,2.334133,4.6,462.0,471,0.0,,,,,
M,INACTIVO,0.927315,1.789665,3.5,1037.642857,472,0.0,,,,,
M,ACTIVO,0.911299,2.113576,4.125984,606.199288,473,1.0,,,,,
F,ACTIVO,0.782397,2.134418,4.308824,490.308108,474,0.0,,,,,
F,ACTIVO,0.991082,4.13543,3.188889,0.0,475,0.0,,,,,
M,ACTIVO,0.985833,3.9097,4.359375,0.0,476,0.0,,,,,
M,ACTIVO,0.985552,2.776332,3.241379,0.0,477,0.0,,,,,
F,INACTIVO,0.757753,1.64606,3.736842,0.0,478,1.0,,,,,
F,ACTIVO,0.947598,2.994289,2.869565,0.0,479,0.0,,,,,
M,ACTIVO,0.95363,4.36075,3.115385,0.0,480,0.0,24.0,39.0,34.0,34.0,43.0
M,INACTIVO,0.335268,11.812579,4.245098,0.0,481,1.0,,,,,
M,INACTIVO,0.799778,18.681159,4.297578,0.0,482,1.0,,,,,
F,ACTIVO,0.911817,11.819416,4.269819,0.0,483,0.0,,,,,
F,ACTIVO,0.936206,2.3006,4.482759,688.061798,484,1.0,,,,,
M,ACTIVO,0.902832,2.701942,4.58042,500.904762,485,1.0,,,,,
F,INACTIVO,0.522365,2.462769,3.72619,546.060109,486,1.0,,,,,
F,ACTIVO,0.98194,3.902549,3.296296,0.0,487,0.0,,,,,
F,ACTIVO,0.989834,2.639439,3.326087,0.0,488,0.0,,,,,
M,INACTIVO,0.820053,2.36154,4.5,492.2375,489,0.0,,,,,
M,ACTIVO,0.879563,3.265467,3.391304,0.0,490,0.0,,,,,
M,INACTIVO,0.997192,3.930201,4.653846,0.0,491,1.0,,,,,
F,INACTIVO,0.971528,0.0,3.0,0.0,492,1.0,,,,,
M,ACTIVO,0.989782,5.063205,3.929412,0.0,493,0.0,31.0,40.0,31.0,32.0,44.0
F,ACTIVO,0.903121,1.851898,4.102564,627.797235,494,1.0,,,,,
M,INACTIVO,0.920635,2.824074,3.823529,653.137931,495,1.0,,,,,
M,INACTIVO,0.636111,4.563731,4.129032,666.5,496,1.0,,,,,
F,ACTIVO,0.91529,4.464194,2.4,0.0,497,0.0,31.0,45.0,41.0,36.0,39.0
F,ACTIVO,0.99805,4.757504,3.677686,0.0,498,0.0,,,,,
M,INACTIVO,0.944105,1.195425,4.666667,0.0,499,1.0,,,,,
M,ACTIVO,0.991235,4.137561,4.44086,0.0,500,0.0,,,,,
F,INACTIVO,0.907033,11.016486,2.83737,0.0,501,0.0,,,,,
M,INACTIVO,0.374444,3.515152,3.545455,420.590909,502,1.0,,,,,
M,INACTIVO,0.458853,3.841854,4.082192,439.891566,503,0.0,,,,,
F,ACTIVO,0.998549,4.293099,3.661017,0.0,504,0.0,32.0,41.0,42.0,30.0,35.0
F,INACTIVO,0.520962,3.254149,4.6,0.0,505,1.0,,,,,
F,ACTIVO,0.876832,2.179542,4.212766,323.472441,506,0.0,,,,,
F,ACTIVO,0.944341,3.022898,3.4,0.0,507,0.0,,,,,
F,INACTIVO,0.431786,5.672378,4.636364,0.0,508,0.0,,,,,
F,ACTIVO,0.911532,4.331804,3.229167,0.0,509,0.0,,,,,
F,ACTIVO,0.674868,14.774254,4.327314,0.0,510,0.0,,,,,
M,INACTIVO,0.791543,2.72682,2.285714,0.0,511,0.0,,,,,
M,ACTIVO,0.934489,3.303669,3.575,0.0,512,0.0,,,,,
M,INACTIVO,0.956179,15.034066,4.283898,0.0,513,0.0,,,,,
M,ACTIVO,0.994908,2.99652,3.145833,0.0,514,0.0,,,,,
F,INACTIVO,0.683655,1.31401,3.333333,0.0,515,1.0,,,,,
F,INACTIVO,0.788588,9.106217,4.146825,0.0,516,0.0,,,,,
M,INACTIVO,0.333333,3.26087,4.0,692.2,517,1.0,,,,,
M,INACTIVO,0.288708,2.911118,4.5,0.0,518,0.0,,,,,
F,INACTIVO,0.640691,17.159855,4.407216,0.0,519,1.0,,,,,
M,INACTIVO,0.285655,3.405432,4.294118,474.45055,520,0.0,,,,,
M,ACTIVO,0.915379,2.939328,4.36,535.130435,521,0.0,,,,,
M,ACTIVO,0.976428,9.335301,4.013699,0.0,522,0.0,39.0,49.0,50.0,44.0,48.0
M,INACTIVO,0.858941,2.868892,4.15625,0.0,523,1.0,,,,,
F,INACTIVO,0.903212,2.402384,4.114286,556.790909,524,1.0,,,,,
F,ACTIVO,0.987493,5.687244,4.119403,0.0,525,0.0,,,,,
M,ACTIVO,0.884326,2.828596,4.347619,359.227273,526,0.0,,,,,
F,ACTIVO,0.921547,12.573159,4.218447,0.0,527,0.0,,,,,
M,ACTIVO,0.988099,4.316672,3.2,0.0,528,0.0,39.0,49.0,50.0,43.0,48.0
F,INACTIVO,0.60032,1.625126,3.75,0.0,529,1.0,,,,,
M,INACTIVO,0.499167,4.159441,3.4,0.0,530,0.0,,,,,
M,INACTIVO,0.935499,4.292607,2.724138,0.0,531,0.0,,,,,
F,INACTIVO,0.997843,1.25784,5.0,0.0,532,1.0,,,,,
F,INACTIVO,0.972308,0.0,3.25,0.0,533,1.0,,,,,
M,INACTIVO,0.926212,1.997537,4.244444,575.480349,534,1.0,,,,,
M,INACTIVO,0.152158,3.535354,4.428571,458.066667,535,1.0,,,,,
F,INACTIVO,0.633576,2.347027,4.272727,519.25,536,0.0,,,,,
M,INACTIVO,0.443667,2.309999,4.028571,517.901409,537,1.0,,,,,
F,INACTIVO,0.455861,1.702322,5.0,0.0,538,1.0,,,,,
F,INACTIVO,0.953066,2.136,3.823529,0.0,539,1.0,,,,,
F,INACTIVO,0.479667,4.497359,5.0,0.0,540,0.0,,,,,
M,ACTIVO,0.975139,7.112503,3.859649,0.0,541,0.0,,,,,
F,ACTIVO,0.68239,10.305325,4.421311,0.0,542,0.0,,,,,
M,ACTIVO,0.989336,11.070837,3.295082,0.0,543,0.0,,,,,
F,INACTIVO,0.047867,4.347826,5.0,425.222222,544,0.0,,,,,
F,ACTIVO,0.993207,3.193077,3.190476,0.0,545,0.0,,,,,
M,ACTIVO,0.90997,2.183102,4.162304,457.539683,546,0.0,,,,,
F,ACTIVO,0.998163,3.7825,3.0,0.0,547,0.0,32.0,46.0,43.0,46.0,40.0
M,INACTIVO,0.712523,2.300981,3.740741,627.015385,548,1.0,,,,,
F,ACTIVO,0.968398,3.868936,3.463415,0.0,549,0.0,,,,,
M,INACTIVO,0.434969,3.205857,1.0,0.0,550,0.0,,,,,
M,ACTIVO,0.959722,4.609101,3.5,0.0,551,0.0,,,,,
M,ACTIVO,0.844853,6.846926,3.761905,0.0,552,0.0,,,,,
F,INACTIVO,0.552037,2.372618,3.666667,522.363636,553,1.0,,,,,
M,INACTIVO,0.65552,1.62042,3.4375,961.421053,554,1.0,,,,,
M,ACTIVO,0.855556,2.309604,4.281768,477.415842,555,0.0,33.0,35.0,38.0,37.0,37.0
F,INACTIVO,0.894145,9.472351,4.568966,0.0,556,1.0,,,,,
M,ACTIVO,0.981713,8.708098,3.041475,0.0,557,0.0,,,,,
F,ACTIVO,0.982723,4.106626,3.242857,0.0,558,0.0,,,,,
M,ACTIVO,0.465537,3.039853,2.545455,0.0,559,0.0,,,,,
M,ACTIVO,0.995712,1.72835,4.860465,0.0,560,0.0,,,,,
F,INACTIVO,0.25,0.608314,5.0,0.0,561,0.0,,,,,
F,ACTIVO,0.873854,2.604609,4.442308,617.017094,562,0.0,,,,,
F,ACTIVO,0.898455,2.804663,3.305556,0.0,563,0.0,,,,,
M,ACTIVO,0.869683,8.119274,3.473684,0.0,564,0.0,,,,,
M,INACTIVO,0.966458,1.703435,4.071429,620.325,565,1.0,,,,,
M,INACTIVO,0.435,3.392168,4.0,489.0,566,0.0,,,,,
M,ACTIVO,0.991685,3.806161,2.861538,0.0,567,0.0,,,,,
F,ACTIVO,0.978133,4.404701,3.093333,0.0,568,0.0,43.0,50.0,50.0,44.0,47.0
F,ACTIVO,0.99697,3.256656,4.086207,0.0,569,0.0,,,,,
M,ACTIVO,0.996804,2.726124,3.396226,0.0,570,1.0,,,,,
M,ACTIVO,0.99078,11.904299,3.620968,0.0,571,0.0,,,,,
F,ACTIVO,0.970205,10.517927,3.117264,0.0,572,0.0,,,,,
F,INACTIVO,0.577245,1.030928,5.0,334.0,573,0.0,,,,,
F,ACTIVO,0.960037,3.107083,3.321429,0.0,574,0.0,,,,,
M,ACTIVO,0.979537,1.835121,5.0,0.0,575,0.0,,,,,
M,INACTIVO,0.248403,3.721121,3.684211,0.0,576,1.0,,,,,
F,ACTIVO,0.997788,14.511188,4.382473,0.0,577,1.0,34.0,40.0,38.0,31.0,37.0
F,ACTIVO,0.796211,16.414829,4.279335,0.0,578,0.0,42.0,44.0,45.0,40.0,43.0
M,INACTIVO,0.928514,5.635298,3.967213,0.0,579,1.0,,,,,
M,INACTIVO,0.689893,5.922402,3.45283,0.0,580,0.0,,,,,
F,ACTIVO,0.753272,9.431536,2.988372,0.0,581,0.0,,,,,
F,INACTIVO,0.948664,13.860269,4.22102,0.0,582,1.0,,,,,
F,ACTIVO,0.936331,9.857157,3.180851,0.0,583,0.0,,,,,
F,ACTIVO,0.993812,8.199761,3.984375,0.0,584,0.0,,,,,
M,ACTIVO,0.984265,5.261681,3.944828,0.0,585,0.0,,,,,
M,ACTIVO,0.999867,2.858202,4.058824,0.0,586,0.0,,,,,
F,INACTIVO,0.951032,1.997822,3.914894,697.584507,587,1.0,,,,,
F,ACTIVO,0.981383,11.79039,4.407805,0.0,588,0.0,39.0,50.0,48.0,35.0,46.0
F,INACTIVO,0.0,0.0,0.0,0.0,589,1.0,,,,,
M,ACTIVO,0.990262,3.591395,3.409836,0.0,590,0.0,29.0,33.0,41.0,42.0,38.0
M,INACTIVO,0.539826,2.193827,4.5,665.705882,591,0.0,,,,,
M,ACTIVO,0.943031,4.751912,3.125,0.0,592,0.0,,,,,
M,INACTIVO,0.940925,1.004704,3.888889,0.0,593,1.0,,,,,
F,ACTIVO,0.908651,3.881386,3.649123,0.0,594,0.0,38.0,43.0,47.0,40.0,45.0
M,INACTIVO,0.650093,2.564103,3.0,803.777778,595,1.0,,,,,
F,ACTIVO,0.998188,4.284508,3.152174,0.0,596,0.0,,,,,
F,INACTIVO,0.801577,10.535553,4.223702,0.0,597,0.0,,,,,
M,ACTIVO,0.915735,1.732098,4.364865,691.212644,598,1.0,,,,,
F,INACTIVO,0.998333,3.5,3.857143,349.5625,599,1.0,,,,,
M,INACTIVO,0.680773,2.365012,3.930233,516.72165,600,1.0,,,,,
M,ACTIVO,0.99502,3.467735,4.873239,0.0,601,0.0,,,,,
F,ACTIVO,0.888902,13.429833,4.451564,0.0,602,1.0,,,,,
F,ACTIVO,0.922354,1.595151,4.277778,603.405063,603,0.0,,,,,
M,INACTIVO,0.984505,0.985316,1.913043,0.0,604,0.0,,,,,
M,INACTIVO,0.966163,2.146107,5.0,0.0,605,1.0,,,,,
M,INACTIVO,0.30647,1.820397,4.1,0.0,606,1.0,,,,,
M,INACTIVO,0.365965,1.625023,1.428571,0.0,607,1.0,,,,,
F,ACTIVO,0.999557,3.161814,3.5,0.0,608,0.0,,,,,
M,INACTIVO,0.551178,2.927306,1.0,0.0,609,0.0,,,,,
F,ACTIVO,0.639169,12.53996,4.273973,0.0,610,0.0,,,,,
F,ACTIVO,0.983937,3.423912,3.733333,0.0,611,0.0,,,,,
F,ACTIVO,0.995966,4.097538,3.342105,0.0,612,0.0,26.0,45.0,41.0,38.0,41.0
M,ACTIVO,0.989581,3.634775,3.878378,0.0,613,0.0,,,,,
M,ACTIVO,0.972437,8.571766,3.094972,0.0,614,0.0,,,,,
M,ACTIVO,0.969199,13.930044,4.325985,0.0,615,0.0,,,,,
M,INACTIVO,0.789877,2.356287,3.482759,727.349206,616,1.0,,,,,
F,ACTIVO,0.857383,3.798133,3.162791,0.0,617,0.0,,,,,
F,INACTIVO,0.7675,0.0,3.0,0.0,618,1.0,,,,,
F,ACTIVO,0.956026,11.425592,3.310502,0.0,619,0.0,,,,,
M,ACTIVO,0.976965,4.921356,3.765766,0.0,620,0.0,,,,,
M,ACTIVO,0.787032,11.317669,3.318182,0.0,621,0.0,,,,,
M,ACTIVO,0.922825,8.034675,4.055215,0.0,622,0.0,,,,,
F,INACTIVO,0.924246,5.399062,2.333333,0.0,623,0.0,,,,,
F,ACTIVO,0.804203,5.841888,4.428571,0.0,624,0.0,,,,,
F,ACTIVO,0.713629,2.983703,2.894737,0.0,625,0.0,35.0,41.0,33.0,34.0,41.0
M,INACTIVO,0.929106,0.0,4.795455,0.0,626,1.0,,,,,
F,INACTIVO,0.469699,54.864215,4.388889,0.0,627,1.0,,,,,
F,ACTIVO,0.998623,4.98381,3.897436,0.0,628,0.0,,,,,
M,ACTIVO,0.944535,13.806546,4.258799,0.0,629,0.0,,,,,
M,INACTIVO,0.056429,0.0,3.666667,1063.290323,630,1.0,,,,,
F,INACTIVO,0.0,0.0,3.625,816.821429,631,1.0,,,,,
M,ACTIVO,0.993289,10.381681,2.853659,0.0,632,0.0,39.0,37.0,49.0,42.0,40.0
F,ACTIVO,0.912833,7.726569,4.173333,754.846591,633,1.0,38.0,42.0,44.0,35.0,39.0
F,INACTIVO,0.626019,3.692585,1.75,0.0,634,0.0,,,,,
F,INACTIVO,0.529009,2.165186,3.542857,730.686046,635,1.0,,,,,
F,INACTIVO,0.388034,2.295293,3.130435,483.464286,636,1.0,,,,,
F,ACTIVO,0.964808,12.529512,2.861244,0.0,637,0.0,,,,,
M,ACTIVO,0.94535,3.397144,3.173077,0.0,638,0.0,,,,,
F,ACTIVO,0.992775,5.295058,3.545455,0.0,639,0.0,34.0,43.0,43.0,37.0,40.0
F,INACTIVO,0.891318,5.391186,3.619565,0.0,640,0.0,,,,,
M,ACTIVO,0.758753,2.95669,2.714286,0.0,641,0.0,,,,,
M,ACTIVO,0.99964,12.747856,4.380661,0.0,642,0.0,31.0,41.0,41.0,31.0,40.0
F,ACTIVO,0.61325,3.317594,5.0,0.0,643,0.0,34.0,36.0,43.0,33.0,39.0
F,INACTIVO,0.952986,10.486635,4.209983,0.0,644,1.0,,,,,
M,ACTIVO,0.937089,2.655437,4.202128,416.369384,645,1.0,,,,,
F,ACTIVO,0.999982,2.014197,4.738095,0.0,646,0.0,,,,,
F,INACTIVO,0.960863,14.043575,4.198738,0.0,647,0.0,,,,,
,,,,,,648,,32.0,32.0,48.0,36.0,36.0
,,,,,,649,,39.0,50.0,49.0,42.0,47.0
,,,,,,650,,34.0,44.0,43.0,38.0,41.0
,,,,,,651,,30.0,39.0,42.0,37.0,37.0
,,,,,,652,,37.0,38.0,45.0,46.0,40.0
,,,,,,653,,34.0,45.0,46.0,45.0,40.0
,,,,,,654,,39.0,47.0,36.0,37.0,43.0
,,,,,,655,,36.0,41.0,38.0,33.0,38.0
,,,,,,656,,30.0,41.0,45.0,37.0,39.0
,,,,,,657,,33.0,46.0,49.0,33.0,45.0
,,,,,,658,,28.0,41.0,46.0,33.0,39.0
,,,,,,659,,35.0,39.0,48.0,43.0,38.0
,,,,,,660,,23.0,41.0,37.0,40.0,42.0
,,,,,,661,,39.0,43.0,44.0,36.0,37.0
,,,,,,662,,31.0,41.0,48.0,35.0,41.0
,,,,,,663,,38.0,38.0,41.0,33.0,41.0
,,,,,,664,,31.0,41.0,38.0,37.0,37.0
,,,,,,665,,32.0,43.0,44.0,34.0,34.0
,,,,,,666,,41.0,43.0,48.0,44.0,45.0
,,,,,,667,,32.0,40.0,44.0,38.0,37.0
,,,,,,668,,43.0,48.0,46.0,38.0,47.0
,,,,,,669,,29.0,50.0,43.0,27.0,42.0
,,,,,,670,,30.0,41.0,47.0,40.0,40.0
,,,,,,671,,33.0,48.0,43.0,35.0,36.0
,,,,,,672,,31.0,41.0,42.0,38.0,37.0
,,,,,,673,,28.0,40.0,41.0,32.0,38.0
,,,,,,674,,30.0,41.0,44.0,42.0,40.0
,,,,,,675,,36.0,43.0,41.0,33.0,38.0
,,,,,,676,,41.0,36.0,36.0,30.0,37.0
,,,,,,677,,35.0,43.0,48.0,44.0,38.0
,,,,,,678,,33.0,36.0,47.0,38.0,36.0
,,,,,,679,,39.0,42.0,45.0,37.0,43.0
,,,,,,680,,24.0,39.0,27.0,29.0,31.0
,,,,,,681,,34.0,39.0,40.0,34.0,37.0
,,,,,,682,,40.0,41.0,42.0,26.0,36.0
,,,,,,683,,28.0,41.0,34.0,35.0,39.0
,,,,,,684,,34.0,39.0,47.0,32.0,39.0
,,,,,,685,,33.0,44.0,43.0,39.0,35.0
,,,,,,686,,35.0,42.0,47.0,46.0,42.0
,,,,,,687,,31.0,41.0,43.0,35.0,39.0
,,,,,,688,,34.0,38.0,48.0,39.0,46.0
,,,,,,689,,22.0,33.0,31.0,37.0,33.0
,,,,,,690,,32.0,48.0,45.0,41.0,41.0
,,,,,,691,,42.0,37.0,42.0,38.0,44.0
,,,,,,692,,40.0,47.0,45.0,42.0,49.0
,,,,,,693,,32.0,47.0,45.0,42.0,38.0
,,,,,,694,,33.0,45.0,35.0,37.0,40.0
,,,,,,695,,36.0,48.0,47.0,35.0,45.0
,,,,,,696,,36.0,45.0,45.0,43.0,42.0
,,,,,,697,,38.0,49.0,50.0,40.0,46.0
,,,,,,698,,35.0,44.0,45.0,28.0,43.0
,,,,,,699,,35.0,43.0,46.0,39.0,42.0
,,,,,,700,,0.0,0.0,4.0,0.0,0.0
,,,,,,701,,32.0,50.0,46.0,41.0,45.0
,,,,,,702,,37.0,47.0,47.0,42.0,44.0
,,,,,,703,,38.0,49.0,48.0,43.0,43.0
,,,,,,704,,38.0,46.0,49.0,43.0,41.0
,,,,,,705,,33.0,41.0,39.0,37.0,36.0
,,,,,,706,,32.0,39.0,37.0,36.0,37.0
,,,,,,707,,39.0,46.0,46.0,37.0,42.0
,,,,,,708,,33.0,43.0,40.0,30.0,36.0
,,,,,,709,,35.0,40.0,42.0,38.0,40.0
,,,,,,710,,33.0,42.0,34.0,32.0,37.0
,,,,,,711,,1.0,0.0,0.0,3.0,0.0
,,,,,,712,,42.0,48.0,50.0,46.0,45.0
,,,,,,713,,34.0,44.0,41.0,38.0,40.0
,,,,,,714,,31.0,49.0,47.0,40.0,35.0
,,,,,,715,,34.0,38.0,41.0,36.0,37.0
,,,,,,716,,32.0,37.0,38.0,36.0,33.0
,,,,,,717,,34.0,43.0,46.0,41.0,44.0
,,,,,,718,,35.0,37.0,42.0,39.0,35.0
,,,,,,719,,26.0,35.0,38.0,37.0,38.0
,,,,,,720,,34.0,37.0,38.0,30.0,37.0
,,,,,,721,,42.0,50.0,50.0,50.0,50.0
,,,,,,722,,37.0,47.0,43.0,42.0,42.0
,,,,,,723,,37.0,43.0,44.0,39.0,44.0
,,,,,,724,,37.0,36.0,40.0,33.0,41.0
,,,,,,725,,39.0,40.0,50.0,46.0,38.0
,,,,,,726,,31.0,49.0,49.0,42.0,48.0
,,,,,,727,,47.0,44.0,48.0,38.0,44.0
,,,,,,728,,42.0,47.0,50.0,38.0,43.0
,,,,,,729,,38.0,50.0,49.0,48.0,48.0
,,,,,,730,,37.0,45.0,46.0,36.0,45.0
,,,,,,731,,29.0,41.0,39.0,35.0,36.0
,,,,,,732,,37.0,40.0,41.0,35.0,38.0
,,,,,,733,,0.0,0.0,4.0,0.0,0.0
,,,,,,734,,29.0,41.0,45.0,39.0,36.0
,,,,,,735,,36.0,37.0,45.0,39.0,35.0
,,,,,,736,,31.0,32.0,33.0,30.0,38.0
,,,,,,737,,37.0,39.0,45.0,31.0,39.0
,,,,,,738,,26.0,45.0,42.0,31.0,36.0
,,,,,,739,,37.0,46.0,44.0,39.0,42.0
,,,,,,740,,32.0,39.0,41.0,41.0,33.0
,,,,,,741,,36.0,49.0,47.0,39.0,44.0
,,,,,,742,,32.0,38.0,37.0,29.0,33.0
,,,,,,743,,31.0,40.0,35.0,29.0,36.0
,,,,,,744,,40.0,50.0,47.0,41.0,39.0
,,,,,,745,,33.0,46.0,47.0,39.0,42.0
,,,,,,746,,38.0,48.0,45.0,37.0,44.0
,,,,,,747,,39.0,50.0,49.0,44.0,46.0
,,,,,,748,,33.0,41.0,43.0,44.0,39.0
,,,,,,749,,34.0,43.0,41.0,34.0,39.0
,,,,,,750,,32.0,43.0,40.0,35.0,35.0
,,,,,,751,,36.0,34.0,37.0,34.0,33.0
,,,,,,752,,33.0,36.0,40.0,42.0,42.0
,,,,,,753,,22.0,38.0,37.0,31.0,27.0
,,,,,,754,,29.0,50.0,44.0,42.0,41.0
,,,,,,755,,35.0,48.0,50.0,43.0,46.0
,,,,,,756,,36.0,40.0,40.0,37.0,40.0
,,,,,,757,,34.0,43.0,45.0,37.0,37.0
,,,,,,758,,34.0,44.0,41.0,38.0,44.0
,,,,,,759,,31.0,43.0,39.0,33.0,31.0
,,,,,,760,,46.0,42.0,34.0,23.0,40.0
,,,,,,761,,26.0,39.0,34.0,36.0,44.0
,,,,,,762,,38.0,43.0,50.0,44.0,43.0
,,,,,,763,,34.0,42.0,47.0,43.0,43.0
,,,,,,764,,36.0,42.0,36.0,45.0,41.0
,,,,,,765,,36.0,43.0,45.0,35.0,44.0
,,,,,,766,,35.0,38.0,39.0,36.0,36.0
,,,,,,767,,34.0,42.0,48.0,35.0,41.0
,,,,,,768,,39.0,44.0,43.0,41.0,41.0
,,,,,,769,,39.0,47.0,42.0,27.0,41.0
,,,,,,770,,36.0,41.0,40.0,36.0,37.0
,,,,,,771,,37.0,38.0,46.0,37.0,43.0
,,,,,,772,,37.0,44.0,48.0,43.0,42.0
,,,,,,773,,36.0,44.0,43.0,33.0,40.0
,,,,,,774,,36.0,47.0,45.0,40.0,44.0
,,,,,,775,,2.0,0.0,0.0,0.0,0.0
,,,,,,776,,31.0,40.0,37.0,34.0,38.0
,,,,,,777,,30.0,42.0,45.0,37.0,32.0
,,,,,,778,,37.0,48.0,45.0,41.0,37.0
,,,,,,779,,26.0,42.0,36.0,37.0,38.0
,,,,,,780,,25.0,38.0,32.0,36.0,34.0
,,,,,,781,,32.0,42.0,40.0,37.0,41.0
,,,,,,782,,22.0,29.0,35.0,27.0,35.0
,,,,,,783,,42.0,50.0,48.0,42.0,43.0
,,,,,,784,,33.0,45.0,40.0,38.0,40.0
,,,,,,785,,32.0,49.0,47.0,44.0,41.0
,,,,,,786,,21.0,23.0,36.0,39.0,30.0
,,,,,,787,,31.0,44.0,43.0,39.0,38.0
,,,,,,788,,37.0,43.0,37.0,28.0,40.0
,,,,,,789,,50.0,50.0,46.0,46.0,42.0
,,,,,,790,,28.0,39.0,42.0,36.0,36.0
,,,,,,791,,37.0,40.0,41.0,32.0,45.0
,,,,,,792,,41.0,39.0,40.0,36.0,39.0
,,,,,,793,,39.0,46.0,42.0,39.0,38.0
,,,,,,794,,29.0,41.0,42.0,37.0,45.0
,,,,,,795,,31.0,40.0,40.0,36.0,39.0
,,,,,,796,,40.0,44.0,40.0,39.0,40.0
,,,,,,797,,0.0,0.0,0.0,0.0,3.0
,,,,,,798,,31.0,32.0,30.0,30.0,32.0
,,,,,,799,,40.0,42.0,45.0,41.0,36.0
,,,,,,800,,26.0,41.0,39.0,32.0,41.0
,,,,,,801,,6.0,19.0,28.0,7.0,12.0
,,,,,,802,,34.0,38.0,40.0,37.0,37.0
,,,,,,803,,28.0,36.0,47.0,26.0,39.0
,,,,,,804,,32.0,41.0,39.0,40.0,41.0
,,,,,,805,,34.0,45.0,49.0,38.0,47.0
,,,,,,806,,23.0,43.0,44.0,26.0,39.0
,,,,,,807,,36.0,35.0,43.0,34.0,39.0
,,,,,,808,,38.0,45.0,43.0,34.0,42.0
,,,,,,809,,30.0,38.0,41.0,33.0,40.0
,,,,,,810,,39.0,46.0,37.0,27.0,37.0
,,,,,,811,,36.0,38.0,38.0,37.0,37.0
,,,,,,812,,32.0,41.0,38.0,33.0,35.0
,,,,,,813,,30.0,46.0,41.0,44.0,35.0
,,,,,,814,,26.0,40.0,45.0,35.0,38.0
,,,,,,815,,32.0,41.0,46.0,40.0,43.0
,,,,,,816,,34.0,43.0,44.0,41.0,39.0
,,,,,,817,,41.0,48.0,50.0,43.0,47.0
,,,,,,818,,35.0,41.0,40.0,34.0,40.0
,,,,,,819,,31.0,39.0,45.0,45.0,42.0
,,,,,,820,,32.0,38.0,44.0,38.0,41.0
,,,,,,821,,16.0,13.0,12.0,25.0,22.0
,,,,,,822,,38.0,37.0,46.0,48.0,40.0
,,,,,,823,,32.0,45.0,50.0,38.0,40.0
,,,,,,824,,40.0,49.0,48.0,39.0,45.0
,,,,,,825,,35.0,47.0,48.0,37.0,44.0
,,,,,,826,,34.0,39.0,42.0,37.0,37.0
,,,,,,827,,31.0,41.0,32.0,27.0,44.0
,,,,,,828,,30.0,37.0,39.0,31.0,37.0
,,,,,,829,,37.0,46.0,44.0,38.0,43.0
,,,,,,830,,35.0,44.0,46.0,38.0,46.0
,,,,,,831,,41.0,34.0,19.0,36.0,31.0
,,,,,,832,,37.0,38.0,41.0,38.0,46.0
,,,,,,833,,41.0,50.0,49.0,43.0,44.0
,,,,,,834,,34.0,45.0,49.0,42.0,43.0
,,,,,,835,,34.0,40.0,41.0,29.0,39.0
,,,,,,836,,33.0,42.0,40.0,37.0,36.0
,,,,,,837,,31.0,38.0,47.0,32.0,38.0
,,,,,,838,,38.0,41.0,50.0,40.0,42.0
,,,,,,839,,35.0,42.0,45.0,34.0,42.0
,,,,,,840,,34.0,49.0,49.0,45.0,43.0
,,,,,,841,,25.0,37.0,40.0,39.0,42.0
,,,,,,842,,34.0,40.0,45.0,45.0,44.0
,,,,,,843,,34.0,46.0,43.0,41.0,36.0
,,,,,,844,,27.0,39.0,42.0,37.0,42.0
,,,,,,845,,39.0,49.0,47.0,40.0,42.0
,,,,,,846,,42.0,45.0,46.0,41.0,42.0
,,,,,,847,,26.0,35.0,37.0,33.0,38.0
,,,,,,848,,36.0,40.0,23.0,29.0,43.0
,,,,,,849,,27.0,34.0,46.0,41.0,35.0
,,,,,,850,,26.0,43.0,39.0,41.0,38.0
,,,,,,851,,22.0,36.0,42.0,25.0,34.0
,,,,,,852,,45.0,45.0,40.0,34.0,42.0
,,,,,,853,,37.0,45.0,47.0,36.0,43.0
,,,,,,854,,10.0,4.0,0.0,3.0,15.0
,,,,,,855,,26.0,44.0,46.0,29.0,41.0
,,,,,,856,,35.0,43.0,46.0,27.0,46.0
,,,,,,857,,29.0,50.0,44.0,29.0,44.0
,,,,,,858,,32.0,41.0,45.0,45.0,35.0
,,,,,,859,,33.0,37.0,35.0,33.0,37.0
,,,,,,860,,32.0,43.0,41.0,37.0,39.0
,,,,,,861,,40.0,50.0,50.0,42.0,48.0
,,,,,,862,,33.0,48.0,46.0,36.0,42.0
,,,,,,863,,33.0,39.0,39.0,38.0,40.0
,,,,,,864,,32.0,45.0,43.0,38.0,41.0
,,,,,,865,,31.0,44.0,45.0,38.0,45.0
,,,,,,866,,30.0,42.0,39.0,38.0,40.0
,,,,,,867,,27.0,45.0,46.0,42.0,41.0
,,,,,,868,,39.0,44.0,39.0,38.0,39.0
,,,,,,869,,32.0,49.0,47.0,44.0,37.0
,,,,,,870,,31.0,42.0,40.0,36.0,37.0
,,,,,,871,,38.0,48.0,48.0,44.0,40.0
,,,,,,872,,34.0,44.0,42.0,38.0,38.0
,,,,,,873,,38.0,46.0,45.0,43.0,44.0
,,,,,,874,,41.0,46.0,49.0,45.0,45.0
,,,,,,875,,35.0,43.0,47.0,42.0,37.0
,,,,,,876,,34.0,46.0,40.0,38.0,32.0
,,,,,,877,,37.0,42.0,41.0,38.0,39.0
,,,,,,878,,28.0,45.0,46.0,35.0,40.0
,,,,,,879,,25.0,38.0,41.0,29.0,36.0
,,,,,,880,,31.0,38.0,43.0,35.0,40.0
,,,,,,881,,37.0,48.0,50.0,43.0,48.0
,,,,,,882,,31.0,44.0,47.0,33.0,47.0
,,,,,,883,,34.0,38.0,40.0,36.0,38.0
,,,,,,884,,32.0,47.0,50.0,37.0,43.0
,,,,,,885,,38.0,43.0,41.0,37.0,41.0
,,,,,,886,,33.0,46.0,46.0,43.0,44.0
,,,,,,887,,34.0,42.0,39.0,34.0,33.0
,,,,,,888,,36.0,43.0,39.0,40.0,43.0
,,,,,,889,,30.0,38.0,41.0,38.0,41.0
,,,,,,890,,35.0,49.0,50.0,44.0,47.0
,,,,,,891,,28.0,43.0,44.0,33.0,34.0
